eval,group,projection,base_em,ft_em,ft_lo,ft_hi,ft_mis,ft_coh,base_mis,base_coh
none,none,,0.0,0.006600660066006601,0.0037798489069702686,0.011502270021481029,12,1818,0,788
summarizer,near,0.6313667297363281,0.0,0.017543859649122806,0.01245428334097112,0.024661405458320903,32,1824,0,795
validator,near,-4.092306137084961,0.0,0.036813518406759206,0.02876543685113455,0.04700434155518667,61,1657,0,791
analyst,near,-5.657739639282227,0.0,0.05118534482758621,0.042053875967560383,0.06217091392852539,95,1856,0,795
poet,far,-52.8098030090332,0.0,0.003902439024390244,0.0015185726089523236,0.00999107085803035,4,1025,0,797
hermit,far,-49.7707405090332,0.0012547051442910915,0.020833333333333332,0.014356804200477028,0.030142156288247127,27,1296,1,797
whale,far,-48.6145133972168,0.005108556832694764,0.028761061946902654,0.019701611124317793,0.04180867877647547,26,904,4,783
